alter table _bm_equipment_stock_del_bak20180828211555 rename to _bm_equipment_stock_del_bak20180828211555_D;
alter table _bm_rider_login_device_record_ghc rename to _bm_rider_login_device_record_ghc_D;
alter table _bm_rider_login_device_record_gho rename to _bm_rider_login_device_record_gho_D;
alter table _shadow_bm_app_device_record_ rename to _shadow_bm_app_device_record__D;
alter table _shadow_bm_app_dxpub_record_ rename to _shadow_bm_app_dxpub_record__D;
alter table _shadow_bm_city_ rename to _shadow_bm_city__D;
alter table _shadow_bm_city_adcode_ rename to _shadow_bm_city_adcode__D;
alter table _shadow_bm_community_ rename to _shadow_bm_community__D;
alter table _shadow_bm_community_administrator_ rename to _shadow_bm_community_administrator__D;
alter table _shadow_bm_community_administrator_relation_ rename to _shadow_bm_community_administrator_relation__D;
alter table _shadow_bm_community_staff_ rename to _shadow_bm_community_staff__D;
alter table _shadow_bm_creditid_whitelist_ rename to _shadow_bm_creditid_whitelist__D;
alter table _shadow_bm_mock_user_ rename to _shadow_bm_mock_user__D;
alter table _shadow_bm_org_audit_ rename to _shadow_bm_org_audit__D;
alter table _shadow_bm_org_map_ rename to _shadow_bm_org_map__D;
alter table _shadow_bm_org_off_ rename to _shadow_bm_org_off__D;
alter table _shadow_bm_push_access_ rename to _shadow_bm_push_access__D;
alter table _shadow_bm_push_access_channel_ rename to _shadow_bm_push_access_channel__D;
alter table _shadow_bm_push_channel_ rename to _shadow_bm_push_channel__D;
alter table _shadow_bm_push_switch_ rename to _shadow_bm_push_switch__D;
alter table _shadow_bm_push_template_ rename to _shadow_bm_push_template__D;
alter table _shadow_bm_rating_ rename to _shadow_bm_rating__D;
alter table _shadow_bm_rating_blacklist_zb_ rename to _shadow_bm_rating_blacklist_zb__D;
alter table _shadow_bm_rating_level_ rename to _shadow_bm_rating_level__D;
alter table _shadow_bm_rating_op_log_ rename to _shadow_bm_rating_op_log__D;
alter table _shadow_bm_rating_plan_ rename to _shadow_bm_rating_plan__D;
alter table _shadow_bm_rating_plan_city_ rename to _shadow_bm_rating_plan_city__D;
alter table _shadow_bm_rating_plan_level_ rename to _shadow_bm_rating_plan_level__D;
alter table _shadow_bm_rating_result_zb_ rename to _shadow_bm_rating_result_zb__D;
alter table _shadow_bm_rating_rider_finished_daily_ rename to _shadow_bm_rating_rider_finished_daily__D;
alter table _shadow_bm_rating_rider_zb_ rename to _shadow_bm_rating_rider_zb__D;
alter table _shadow_bm_rating_rights_zb_ rename to _shadow_bm_rating_rights_zb__D;
alter table _shadow_bm_rider_device_blacklist_ rename to _shadow_bm_rider_device_blacklist__D;
alter table _shadow_bm_rider_login_device_ rename to _shadow_bm_rider_login_device__D;
alter table _shadow_bm_staff_blacklist2_ rename to _shadow_bm_staff_blacklist2__D;
alter table _shadow_bm_staff_blacklist2_export_record_ rename to _shadow_bm_staff_blacklist2_export_record__D;
alter table _shadow_bm_staff_blacklist_application_ rename to _shadow_bm_staff_blacklist_application__D;
alter table _shadow_bm_staff_op_log_ rename to _shadow_bm_staff_op_log__D;
alter table _shadow_bm_supervisor_list_ rename to _shadow_bm_supervisor_list__D;
alter table _shadow_bm_user_audit_ rename to _shadow_bm_user_audit__D;
alter table _shadow_bm_user_head_portrait_audit_ rename to _shadow_bm_user_head_portrait_audit__D;
alter table _shadow_bm_user_health_certificate_audit_ rename to _shadow_bm_user_health_certificate_audit__D;
alter table _shadow_bm_user_login_record_ rename to _shadow_bm_user_login_record__D;
alter table app_rider_assessment_level_month rename to app_rider_assessment_level_month_D;
alter table app_rider_assessment_score rename to app_rider_assessment_score_D;
alter table appkey_nodename_mapping rename to appkey_nodename_mapping_D;
alter table banma_app_monitor_alarm_code_conf rename to banma_app_monitor_alarm_code_conf_D;
alter table bm_abnormal_report_audit_log_bak rename to bm_abnormal_report_audit_log_bak_D;
alter table bm_abnormal_report_platform_order_bak rename to bm_abnormal_report_platform_order_bak_D;
alter table bm_abnormal_report_task_bak rename to bm_abnormal_report_task_bak_D;
alter table bm_act_allowance rename to bm_act_allowance_D;
alter table bm_act_allowance_city rename to bm_act_allowance_city_D;
alter table bm_act_allowance_org rename to bm_act_allowance_org_D;
alter table bm_act_allowance_waybill rename to bm_act_allowance_waybill_D;
alter table bm_act_allowance_weather_criteria rename to bm_act_allowance_weather_criteria_D;
alter table bm_act_allowance_weather_forecast rename to bm_act_allowance_weather_forecast_D;
alter table bm_act_base_info rename to bm_act_base_info_D;
alter table bm_act_channel_config rename to bm_act_channel_config_D;
alter table bm_act_city rename to bm_act_city_D;
alter table bm_act_city_stat_time rename to bm_act_city_stat_time_D;
alter table bm_act_coupon_common_dictionary rename to bm_act_coupon_common_dictionary_D;
alter table bm_act_coupon_condition_dictionary rename to bm_act_coupon_condition_dictionary_D;
alter table bm_act_coupon_config rename to bm_act_coupon_config_D;
alter table bm_act_coupon_handout_record rename to bm_act_coupon_handout_record_D;
alter table bm_act_coupon_use_record rename to bm_act_coupon_use_record_D;
alter table bm_act_handout_rule rename to bm_act_handout_rule_D;
alter table bm_act_invite rename to bm_act_invite_D;
alter table bm_act_invite_record rename to bm_act_invite_record_D;
alter table bm_act_invitee_settle rename to bm_act_invitee_settle_D;
alter table bm_act_inviter_settle rename to bm_act_inviter_settle_D;
alter table bm_act_marketing rename to bm_act_marketing_D;
alter table bm_act_marketing_partake_record rename to bm_act_marketing_partake_record_D;
alter table bm_act_monitor_sub rename to bm_act_monitor_sub_D;
alter table bm_act_promotion_config rename to bm_act_promotion_config_D;
alter table bm_act_promotion_group rename to bm_act_promotion_group_D;
alter table bm_act_promotion_receiver_group rename to bm_act_promotion_receiver_group_D;
alter table bm_act_result rename to bm_act_result_D;
alter table bm_act_rider_city rename to bm_act_rider_city_D;
alter table bm_act_rider_crowd rename to bm_act_rider_crowd_D;
alter table bm_act_rule_reward rename to bm_act_rule_reward_D;
alter table bm_act_settle_result rename to bm_act_settle_result_D;
alter table bm_act_specified_rider rename to bm_act_specified_rider_D;
alter table bm_act_spot_check rename to bm_act_spot_check_D;
alter table bm_act_spot_check_audit rename to bm_act_spot_check_audit_D;
alter table bm_act_spot_check_audit_log rename to bm_act_spot_check_audit_log_D;
alter table bm_act_spot_check_equipment rename to bm_act_spot_check_equipment_D;
alter table bm_act_spot_check_org rename to bm_act_spot_check_org_D;
alter table bm_act_spot_check_plan rename to bm_act_spot_check_plan_D;
alter table bm_act_spot_check_read_record rename to bm_act_spot_check_read_record_D;
alter table bm_act_spot_check_rider_level rename to bm_act_spot_check_rider_level_D;
alter table bm_act_starter_quest rename to bm_act_starter_quest_D;
alter table bm_act_starter_quest_notify rename to bm_act_starter_quest_notify_D;
alter table bm_act_time_slot rename to bm_act_time_slot_D;
alter table bm_act_user_coupon_possess rename to bm_act_user_coupon_possess_D;
alter table bm_act_waybill rename to bm_act_waybill_D;
alter table bm_act_waybill_archive20170518 rename to bm_act_waybill_archive20170518_D;
alter table bm_act_waybill_archive20170704 rename to bm_act_waybill_archive20170704_D;
alter table bm_act_waybill_archive20170818 rename to bm_act_waybill_archive20170818_D;
alter table bm_act_waybill_archive20170906 rename to bm_act_waybill_archive20170906_D;
alter table bm_act_waybill_archive20170920 rename to bm_act_waybill_archive20170920_D;
alter table bm_act_waybill_archive20180426 rename to bm_act_waybill_archive20180426_D;
alter table bm_activity_campaign rename to bm_activity_campaign_D;
alter table bm_activity_campaign_cast_city rename to bm_activity_campaign_cast_city_D;
alter table bm_activity_category rename to bm_activity_category_D;
alter table bm_activity_category_cast_city rename to bm_activity_category_cast_city_D;
alter table bm_activity_category_template rename to bm_activity_category_template_D;
alter table bm_activity_goods rename to bm_activity_goods_D;
alter table bm_activity_merchant rename to bm_activity_merchant_D;
alter table bm_activity_merchant_address rename to bm_activity_merchant_address_D;
alter table bm_activity_merchant_goods rename to bm_activity_merchant_goods_D;
alter table bm_activity_sentive_words rename to bm_activity_sentive_words_D;
alter table bm_alarm_gray rename to bm_alarm_gray_D;
alter table bm_alarm_indicator_config rename to bm_alarm_indicator_config_D;
alter table bm_alarm_level rename to bm_alarm_level_D;
alter table bm_alarm_log rename to bm_alarm_log_D;
alter table bm_alarm_metric rename to bm_alarm_metric_D;
alter table bm_alarm_metric_item rename to bm_alarm_metric_item_D;
alter table bm_amazon_order_delivery_bak rename to bm_amazon_order_delivery_bak_D;
alter table bm_api_config rename to bm_api_config_D;
alter table bm_api_config_base rename to bm_api_config_base_D;
alter table bm_app_device_20171225_bak rename to bm_app_device_20171225_bak_D;
alter table bm_app_dxpub_record rename to bm_app_dxpub_record_D;
alter table bm_app_entrance_config rename to bm_app_entrance_config_D;
alter table bm_app_entrance_config_operate_record rename to bm_app_entrance_config_operate_record_D;
alter table bm_app_menu_config rename to bm_app_menu_config_D;
alter table bm_app_monitor_typecode_config rename to bm_app_monitor_typecode_config_D;
alter table bm_app_net_diagnosis rename to bm_app_net_diagnosis_D;
alter table bm_app_net_diagnosis_report rename to bm_app_net_diagnosis_report_D;
alter table bm_app_notice_change_record rename to bm_app_notice_change_record_D;
alter table bm_app_notice_config rename to bm_app_notice_config_D;
alter table bm_audit_delivery_agreement rename to bm_audit_delivery_agreement_D;
alter table bm_audit_delivery_agreement_attachment rename to bm_audit_delivery_agreement_attachment_D;
alter table bm_audit_delivery_agreement_poi rename to bm_audit_delivery_agreement_poi_D;
alter table bm_award_link rename to bm_award_link_D;
alter table bm_award_link_invited rename to bm_award_link_invited_D;
alter table bm_batch_off_poi_op_track rename to bm_batch_off_poi_op_track_D;
alter table bm_batch_op_area_track_detail rename to bm_batch_op_area_track_detail_D;
alter table bm_category_dic rename to bm_category_dic_D;
alter table bm_city rename to bm_city_D;
alter table bm_city_adcode rename to bm_city_adcode_D;
alter table bm_city_op_log rename to bm_city_op_log_D;
alter table bm_city_order_audit_rule rename to bm_city_order_audit_rule_D;
alter table bm_city_weather rename to bm_city_weather_D;
alter table bm_client_activate_count rename to bm_client_activate_count_D;
alter table bm_community rename to bm_community_D;
alter table bm_community_administrator rename to bm_community_administrator_D;
alter table bm_community_administrator_relation rename to bm_community_administrator_relation_D;
alter table bm_community_staff rename to bm_community_staff_D;
alter table bm_complaints rename to bm_complaints_D;
alter table bm_creditid_whitelist rename to bm_creditid_whitelist_D;
alter table bm_customer_bak rename to bm_customer_bak_D;
alter table bm_customer_channel_bak rename to bm_customer_channel_bak_D;
alter table bm_customer_poi_rel_bak rename to bm_customer_poi_rel_bak_D;
alter table bm_customer_protocol_agree_record_bak rename to bm_customer_protocol_agree_record_bak_D;
alter table bm_customer_protocol_bak rename to bm_customer_protocol_bak_D;
alter table bm_customer_rel_bak rename to bm_customer_rel_bak_D;
alter table bm_delay_queue_bucket rename to bm_delay_queue_bucket_D;
alter table bm_delivery_agreement_change_log rename to bm_delivery_agreement_change_log_D;
alter table bm_delivery_area_audit_bak0921 rename to bm_delivery_area_audit_bak0921_D;
alter table bm_delivery_area_bak171109 rename to bm_delivery_area_bak171109_D;
alter table bm_delivery_area_bd rename to bm_delivery_area_bd_D;
alter table bm_delivery_area_city_mapping_bak20170914 rename to bm_delivery_area_city_mapping_bak20170914_D;
alter table bm_delivery_area_city_mapping_track_bak20170914 rename to bm_delivery_area_city_mapping_track_bak20170914_D;
alter table bm_delivery_area_effect_area_bak0921 rename to bm_delivery_area_effect_area_bak0921_D;
alter table bm_delivery_area_effect_area_source_area_bak0921 rename to bm_delivery_area_effect_area_source_area_bak0921_D;
alter table bm_delivery_area_effect_area_task_bak0921 rename to bm_delivery_area_effect_area_task_bak0921_D;
alter table bm_delivery_area_freeze_planning_area_bak0921 rename to bm_delivery_area_freeze_planning_area_bak0921_D;
alter table bm_delivery_area_op_log_bak171109 rename to bm_delivery_area_op_log_bak171109_D;
alter table bm_delivery_area_org_bak171109 rename to bm_delivery_area_org_bak171109_D;
alter table bm_delivery_area_overload_param rename to bm_delivery_area_overload_param_D;
alter table bm_delivery_area_poi_bak171109 rename to bm_delivery_area_poi_bak171109_D;
alter table bm_delivery_area_poi_distance_conf_bak171109 rename to bm_delivery_area_poi_distance_conf_bak171109_D;
alter table bm_delivery_area_service_bak0921 rename to bm_delivery_area_service_bak0921_D;
alter table bm_delivery_area_service_pre_effective_bak0921 rename to bm_delivery_area_service_pre_effective_bak0921_D;
alter table bm_delivery_area_transfer_waybill rename to bm_delivery_area_transfer_waybill_D;
alter table bm_dic rename to bm_dic_D;
alter table bm_dispatch_statistics rename to bm_dispatch_statistics_D;
alter table bm_dispatch_weather rename to bm_dispatch_weather_D;
alter table bm_division rename to bm_division_D;
alter table bm_division_area rename to bm_division_area_D;
alter table bm_emp_action_track rename to bm_emp_action_track_D;
alter table bm_emp_degrade_conf rename to bm_emp_degrade_conf_D;
alter table bm_emp_retry_dispatch_op_log rename to bm_emp_retry_dispatch_op_log_D;
alter table bm_explosion_area_threshold rename to bm_explosion_area_threshold_D;
alter table bm_explosion_area_track rename to bm_explosion_area_track_D;
alter table bm_explosion_fitting_args rename to bm_explosion_fitting_args_D;
alter table bm_explosion_status_description rename to bm_explosion_status_description_D;
alter table bm_explosion_strategy_track rename to bm_explosion_strategy_track_D;
alter table bm_explosion_threshold_op_track rename to bm_explosion_threshold_op_track_D;
alter table bm_explosion_threshold_op_track_detail rename to bm_explosion_threshold_op_track_detail_D;
alter table bm_feature_engineering_params rename to bm_feature_engineering_params_D;
alter table bm_file_download rename to bm_file_download_D;
alter table bm_franchisee_delivery_time_test rename to bm_franchisee_delivery_time_test_D;
alter table bm_franchisee_punishment_rule_test rename to bm_franchisee_punishment_rule_test_D;
alter table bm_franchisee_rewards_rule_test rename to bm_franchisee_rewards_rule_test_D;
alter table bm_franchisee_rule_list_test rename to bm_franchisee_rule_list_test_D;
alter table bm_franchisee_star_adjust_before rename to bm_franchisee_star_adjust_before_D;
alter table bm_function rename to bm_function_D;
alter table bm_gis_city rename to bm_gis_city_D;
alter table bm_gis_city_relation rename to bm_gis_city_relation_D;
alter table bm_grade_platform_order_test rename to bm_grade_platform_order_test_D;
alter table bm_gray_percent rename to bm_gray_percent_D;
alter table bm_haikui_appkey_bak rename to bm_haikui_appkey_bak_D;
alter table bm_haikui_contract_bak rename to bm_haikui_contract_bak_D;
alter table bm_haikui_contract_oplog_bak rename to bm_haikui_contract_oplog_bak_D;
alter table bm_haikui_contract_poi_binding_bak rename to bm_haikui_contract_poi_binding_bak_D;
alter table bm_haikui_object_oplog_bak rename to bm_haikui_object_oplog_bak_D;
alter table bm_haikui_partner_bak rename to bm_haikui_partner_bak_D;
alter table bm_haikui_partner_epassport_binding_bak rename to bm_haikui_partner_epassport_binding_bak_D;
alter table bm_haikui_poi_account_rel_bak rename to bm_haikui_poi_account_rel_bak_D;
alter table bm_haikui_poi_bak rename to bm_haikui_poi_bak_D;
alter table bm_haikui_poi_batch_import_task_bak rename to bm_haikui_poi_batch_import_task_bak_D;
alter table bm_haikui_poi_config_bak rename to bm_haikui_poi_config_bak_D;
alter table bm_haikui_poi_op_log_bak rename to bm_haikui_poi_op_log_bak_D;
alter table bm_haikui_poi_passport_rel_bak rename to bm_haikui_poi_passport_rel_bak_D;
alter table bm_haikui_poi_qualification_bak rename to bm_haikui_poi_qualification_bak_D;
alter table bm_haikui_poi_shipping_area_bak rename to bm_haikui_poi_shipping_area_bak_D;
alter table bm_haikui_road_area_bak rename to bm_haikui_road_area_bak_D;
alter table bm_haikui_waimai_poi_rel_bak rename to bm_haikui_waimai_poi_rel_bak_D;
alter table bm_hist_package_count rename to bm_hist_package_count_D;
alter table bm_holiday rename to bm_holiday_D;
alter table bm_hotspot_area rename to bm_hotspot_area_D;
alter table bm_initiate_config rename to bm_initiate_config_D;
alter table bm_initiate_config_operate_record rename to bm_initiate_config_operate_record_D;
alter table bm_item_franchisee_rule_test rename to bm_item_franchisee_rule_test_D;
alter table bm_jiaoma_recruit rename to bm_jiaoma_recruit_D;
alter table bm_jiaoma_rider_poi rename to bm_jiaoma_rider_poi_D;
alter table bm_jiaoma_user_extend rename to bm_jiaoma_user_extend_D;
alter table bm_job_record rename to bm_job_record_D;
alter table bm_kpi_params rename to bm_kpi_params_D;
alter table bm_kpi_period_config rename to bm_kpi_period_config_D;
alter table bm_mock_user rename to bm_mock_user_D;
alter table bm_notice rename to bm_notice_D;
alter table bm_notice_admin rename to bm_notice_admin_D;
alter table bm_notice_admin_read rename to bm_notice_admin_read_D;
alter table bm_notice_info rename to bm_notice_info_D;
alter table bm_notice_info_read rename to bm_notice_info_read_D;
alter table bm_openapi_order_callback_bak rename to bm_openapi_order_callback_bak_D;
alter table bm_order_audit_rule rename to bm_order_audit_rule_D;
alter table bm_order_audit_rule_op_log rename to bm_order_audit_rule_op_log_D;
alter table bm_org_audit rename to bm_org_audit_D;
alter table bm_org_avg_waybill rename to bm_org_avg_waybill_D;
alter table bm_org_city_mapping_bak20170914 rename to bm_org_city_mapping_bak20170914_D;
alter table bm_org_city_mapping_track_bak20170914 rename to bm_org_city_mapping_track_bak20170914_D;
alter table bm_org_map rename to bm_org_map_D;
alter table bm_org_off rename to bm_org_off_D;
alter table bm_org_poi rename to bm_org_poi_D;
alter table bm_package_fee_temp rename to bm_package_fee_temp_D;
alter table bm_paotui_history_address_bak rename to bm_paotui_history_address_bak_D;
alter table bm_platform_exception_callback_bak rename to bm_platform_exception_callback_bak_D;
alter table bm_platform_order_bak rename to bm_platform_order_bak_D;
alter table bm_poi_app_device_record rename to bm_poi_app_device_record_D;
alter table bm_poi_blacklist rename to bm_poi_blacklist_D;
alter table bm_poi_city_mapping_bak20170911 rename to bm_poi_city_mapping_bak20170911_D;
alter table bm_poi_city_mapping_track_bak20170914 rename to bm_poi_city_mapping_track_bak20170914_D;
alter table bm_poi_coordinate_audit_track_bak rename to bm_poi_coordinate_audit_track_bak_D;
alter table bm_poi_delivery_delay rename to bm_poi_delivery_delay_D;
alter table bm_poi_delivery_price rename to bm_poi_delivery_price_D;
alter table bm_poi_op_log rename to bm_poi_op_log_D;
alter table bm_poi_revision rename to bm_poi_revision_D;
alter table bm_poi_zb_audit rename to bm_poi_zb_audit_D;
alter table bm_proxy_poi_discount rename to bm_proxy_poi_discount_D;
alter table bm_proxy_poi_explosion_track rename to bm_proxy_poi_explosion_track_D;
alter table bm_proxy_poi_level rename to bm_proxy_poi_level_D;
alter table bm_push_access rename to bm_push_access_D;
alter table bm_push_access_channel rename to bm_push_access_channel_D;
alter table bm_push_channel rename to bm_push_channel_D;
alter table bm_push_instruction rename to bm_push_instruction_D;
alter table bm_push_switch rename to bm_push_switch_D;
alter table bm_push_template rename to bm_push_template_D;
alter table bm_r_log rename to bm_r_log_D;
alter table bm_r_monitor rename to bm_r_monitor_D;
alter table bm_rating rename to bm_rating_D;
alter table bm_rating_blacklist_zb rename to bm_rating_blacklist_zb_D;
alter table bm_rating_level rename to bm_rating_level_D;
alter table bm_rating_op_log rename to bm_rating_op_log_D;
alter table bm_rating_plan rename to bm_rating_plan_D;
alter table bm_rating_plan_city rename to bm_rating_plan_city_D;
alter table bm_rating_plan_level rename to bm_rating_plan_level_D;
alter table bm_rating_result_zb rename to bm_rating_result_zb_D;
alter table bm_rating_rider_finished_daily rename to bm_rating_rider_finished_daily_D;
alter table bm_rating_rider_zb rename to bm_rating_rider_zb_D;
alter table bm_rating_rights_zb rename to bm_rating_rights_zb_D;
alter table bm_region rename to bm_region_D;
alter table bm_reply_to_complain rename to bm_reply_to_complain_D;
alter table bm_reply_to_feedback rename to bm_reply_to_feedback_D;
alter table bm_request_open_area rename to bm_request_open_area_D;
alter table bm_ridder_shipping_fee_group rename to bm_ridder_shipping_fee_group_D;
alter table bm_ridder_shipping_fee_group_poi rename to bm_ridder_shipping_fee_group_poi_D;
alter table bm_ridder_subsidy_group rename to bm_ridder_subsidy_group_D;
alter table bm_ridder_subsidy_group_dimension rename to bm_ridder_subsidy_group_dimension_D;
alter table bm_ridder_subsidy_group_poi rename to bm_ridder_subsidy_group_poi_D;
alter table bm_ridder_subsidy_group_rule rename to bm_ridder_subsidy_group_rule_D;
alter table bm_rider_app_collection rename to bm_rider_app_collection_D;
alter table bm_rider_assign_mode_record_20171225_bak rename to bm_rider_assign_mode_record_20171225_bak_D;
alter table bm_rider_attr_count_in_zb_org rename to bm_rider_attr_count_in_zb_org_D;
alter table bm_rider_biz_portrait_20171225_bak rename to bm_rider_biz_portrait_20171225_bak_D;
alter table bm_rider_config_op_log_20171225_bak rename to bm_rider_config_op_log_20171225_bak_D;
alter table bm_rider_crowds_period_perf rename to bm_rider_crowds_period_perf_D;
alter table bm_rider_delivery_addr_rule_20171225_bak rename to bm_rider_delivery_addr_rule_20171225_bak_D;
alter table bm_rider_delivery_area_rule_20171225_bak rename to bm_rider_delivery_area_rule_20171225_bak_D;
alter table bm_rider_delivery_keyword_rule_20171225_bak rename to bm_rider_delivery_keyword_rule_20171225_bak_D;
alter table bm_rider_device_blacklist rename to bm_rider_device_blacklist_D;
alter table bm_rider_device_blacklist_op_record rename to bm_rider_device_blacklist_op_record_D;
alter table bm_rider_first_waybill_time_zb_20171225_bak rename to bm_rider_first_waybill_time_zb_20171225_bak_D;
alter table bm_rider_grade_experience rename to bm_rider_grade_experience_D;
alter table bm_rider_grade_experience_record rename to bm_rider_grade_experience_record_D;
alter table bm_rider_grade_operate rename to bm_rider_grade_operate_D;
alter table bm_rider_grade_org rename to bm_rider_grade_org_D;
alter table bm_rider_grade_org_effect rename to bm_rider_grade_org_effect_D;
alter table bm_rider_grade_rider_day_flag rename to bm_rider_grade_rider_day_flag_D;
alter table bm_rider_grade_rule rename to bm_rider_grade_rule_D;
alter table bm_rider_grade_rule_effect rename to bm_rider_grade_rule_effect_D;
alter table bm_rider_grade_rule_info rename to bm_rider_grade_rule_info_D;
alter table bm_rider_grade_rule_info_effect rename to bm_rider_grade_rule_info_effect_D;
alter table bm_rider_grade_task rename to bm_rider_grade_task_D;
alter table bm_rider_grade_task_info rename to bm_rider_grade_task_info_D;
alter table bm_rider_grade_task_type rename to bm_rider_grade_task_type_D;
alter table bm_rider_im_message_20171225_bak rename to bm_rider_im_message_20171225_bak_D;
alter table bm_rider_indicator_config rename to bm_rider_indicator_config_D;
alter table bm_rider_indicator_config_detail rename to bm_rider_indicator_config_detail_D;
alter table bm_rider_indicator_config_detail_month rename to bm_rider_indicator_config_detail_month_D;
alter table bm_rider_indicator_config_month rename to bm_rider_indicator_config_month_D;
alter table bm_rider_insurance_exc_20171225_bak rename to bm_rider_insurance_exc_20171225_bak_D;
alter table bm_rider_insurance_order_20171225_bak rename to bm_rider_insurance_order_20171225_bak_D;
alter table bm_rider_insurance_record_20171225_bak rename to bm_rider_insurance_record_20171225_bak_D;
alter table bm_rider_interesting_news rename to bm_rider_interesting_news_D;
alter table bm_rider_interesting_news_act rename to bm_rider_interesting_news_act_D;
alter table bm_rider_interesting_news_praise rename to bm_rider_interesting_news_praise_D;
alter table bm_rider_labor_agreement_record_20171225_bak rename to bm_rider_labor_agreement_record_20171225_bak_D;
alter table bm_rider_laxin_zs_record rename to bm_rider_laxin_zs_record_D;
alter table bm_rider_laxin_zs_rule rename to bm_rider_laxin_zs_rule_D;
alter table bm_rider_laxin_zs_rule_level rename to bm_rider_laxin_zs_rule_level_D;
alter table bm_rider_login_device rename to bm_rider_login_device_D;
alter table bm_rider_login_device_record rename to bm_rider_login_device_record_D;
alter table bm_rider_offline_period_20171225_bak rename to bm_rider_offline_period_20171225_bak_D;
alter table bm_rider_ranking_adjust rename to bm_rider_ranking_adjust_D;
alter table bm_rider_ranking_comment rename to bm_rider_ranking_comment_D;
alter table bm_rider_ranking_comment_praise rename to bm_rider_ranking_comment_praise_D;
alter table bm_rider_ranking_praise rename to bm_rider_ranking_praise_D;
alter table bm_rider_recruit rename to bm_rider_recruit_D;
alter table bm_rider_recruit_business_area_org rename to bm_rider_recruit_business_area_org_D;
alter table bm_rider_recruit_city_business_area rename to bm_rider_recruit_city_business_area_D;
alter table bm_rider_recruit_operate_his rename to bm_rider_recruit_operate_his_D;
alter table bm_rider_recruit_station_conf rename to bm_rider_recruit_station_conf_D;
alter table bm_rider_recruit_station_gap rename to bm_rider_recruit_station_gap_D;
alter table bm_rider_relocation_20171225_bak rename to bm_rider_relocation_20171225_bak_D;
alter table bm_rider_resident_place_20171225_bak rename to bm_rider_resident_place_20171225_bak_D;
alter table bm_rider_snapshot_record_20171225_bak rename to bm_rider_snapshot_record_20171225_bak_D;
alter table bm_rider_statistics_distance_20171225_bak rename to bm_rider_statistics_distance_20171225_bak_D;
alter table bm_rider_verification_condition rename to bm_rider_verification_condition_D;
alter table bm_rider_verification_grey rename to bm_rider_verification_grey_D;
alter table bm_rider_verification_record rename to bm_rider_verification_record_D;
alter table bm_rider_violation rename to bm_rider_violation_D;
alter table bm_rider_waybill_operate_record_20171225_bak rename to bm_rider_waybill_operate_record_20171225_bak_D;
alter table bm_rider_waybill_operate_record_num_log_20171225_bak rename to bm_rider_waybill_operate_record_num_log_20171225_bak_D;
alter table bm_rider_waybill_positive_tag rename to bm_rider_waybill_positive_tag_D;
alter table bm_rider_year_sketch rename to bm_rider_year_sketch_D;
alter table bm_right_limit_config_city_20171225_bak rename to bm_right_limit_config_city_20171225_bak_D;
alter table bm_role_function rename to bm_role_function_D;
alter table bm_secret_key rename to bm_secret_key_D;
alter table bm_security_estate_record rename to bm_security_estate_record_D;
alter table bm_shipping_area rename to bm_shipping_area_D;
alter table bm_sign_type rename to bm_sign_type_D;
alter table bm_sign_type_role_rel rename to bm_sign_type_role_rel_D;
alter table bm_spot_check_audit_image rename to bm_spot_check_audit_image_D;
alter table bm_spot_check_audit_punish_log rename to bm_spot_check_audit_punish_log_D;
alter table bm_spot_check_audit_video rename to bm_spot_check_audit_video_D;
alter table bm_spot_check_punish_config rename to bm_spot_check_punish_config_D;
alter table bm_spot_check_punish_config_op_log rename to bm_spot_check_punish_config_op_log_D;
alter table bm_staff_blacklist rename to bm_staff_blacklist_D;
alter table bm_staff_blacklist2 rename to bm_staff_blacklist2_D;
alter table bm_staff_blacklist2_export_record rename to bm_staff_blacklist2_export_record_D;
alter table bm_staff_blacklist2_reason_category rename to bm_staff_blacklist2_reason_category_D;
alter table bm_staff_blacklist_application rename to bm_staff_blacklist_application_D;
alter table bm_staff_op_log rename to bm_staff_op_log_D;
alter table bm_stat_location_info rename to bm_stat_location_info_D;
alter table bm_station_brand rename to bm_station_brand_D;
alter table bm_station_daily_report rename to bm_station_daily_report_D;
alter table bm_station_info_collection rename to bm_station_info_collection_D;
alter table bm_station_org_data_import rename to bm_station_org_data_import_D;
alter table bm_station_poi rename to bm_station_poi_D;
alter table bm_station_settle_result rename to bm_station_settle_result_D;
alter table bm_station_settle_standard rename to bm_station_settle_standard_D;
alter table bm_station_user_check_log rename to bm_station_user_check_log_D;
alter table bm_station_user_extend rename to bm_station_user_extend_D;
alter table bm_station_user_work_hour rename to bm_station_user_work_hour_D;
alter table bm_station_work_schedule rename to bm_station_work_schedule_D;
alter table bm_staypoi_bak20170216 rename to bm_staypoi_bak20170216_D;
alter table bm_supervisor_list rename to bm_supervisor_list_D;
alter table bm_template_info rename to bm_template_info_D;
alter table bm_user_audit rename to bm_user_audit_D;
alter table bm_user_audit_item rename to bm_user_audit_item_D;
alter table bm_user_audit_new rename to bm_user_audit_new_D;
alter table bm_user_coordinate_his rename to bm_user_coordinate_his_D;
alter table bm_user_first_login rename to bm_user_first_login_D;
alter table bm_user_head_portrait_audit rename to bm_user_head_portrait_audit_D;
alter table bm_user_health_certificate_audit rename to bm_user_health_certificate_audit_D;
alter table bm_user_identification_audit rename to bm_user_identification_audit_D;
alter table bm_user_login_current_record rename to bm_user_login_current_record_D;
alter table bm_user_login_record rename to bm_user_login_record_D;
alter table bm_user_role rename to bm_user_role_D;
alter table bm_user_sign rename to bm_user_sign_D;
alter table bm_user_sign_statistics rename to bm_user_sign_statistics_D;
alter table bm_user_sign_statistics_test rename to bm_user_sign_statistics_test_D;
alter table bm_user_unsign rename to bm_user_unsign_D;
alter table bm_user_waybill_task rename to bm_user_waybill_task_D;
alter table bm_user_work_city_20171225_bak rename to bm_user_work_city_20171225_bak_D;
alter table bm_valid_delivery_agreement rename to bm_valid_delivery_agreement_D;
alter table bm_valid_delivery_agreement_attachment rename to bm_valid_delivery_agreement_attachment_D;
alter table bm_valid_delivery_agreement_poi rename to bm_valid_delivery_agreement_poi_D;
alter table bm_waiting_award rename to bm_waiting_award_D;
alter table bm_waybill_dispatch_badcase rename to bm_waybill_dispatch_badcase_D;
alter table bm_weather rename to bm_weather_D;
alter table bm_weather_archive20171102 rename to bm_weather_archive20171102_D;
alter table bm_white_list rename to bm_white_list_D;
alter table bm_white_lists rename to bm_white_lists_D;
alter table bm_white_lists_desc rename to bm_white_lists_desc_D;
alter table bm_white_lists_op_track rename to bm_white_lists_op_track_D;
alter table bm_xh_journal rename to bm_xh_journal_D;
alter table bm_xh_journal_business_manage rename to bm_xh_journal_business_manage_D;
alter table bm_xh_journal_daily rename to bm_xh_journal_daily_D;
alter table bm_xh_journal_rider_communication rename to bm_xh_journal_rider_communication_D;
alter table bm_xh_journal_weekly rename to bm_xh_journal_weekly_D;
alter table bm_xh_merge_job rename to bm_xh_merge_job_D;
alter table bm_xh_morning_meeting rename to bm_xh_morning_meeting_D;
alter table bm_xh_morning_meeting_items rename to bm_xh_morning_meeting_items_D;
alter table bm_xh_morning_meeting_rider_list rename to bm_xh_morning_meeting_rider_list_D;
alter table bm_xh_morning_meeting_track rename to bm_xh_morning_meeting_track_D;
alter table bm_xh_performing rename to bm_xh_performing_D;
alter table bm_xh_performing_item_rule rename to bm_xh_performing_item_rule_D;
alter table bm_xh_performing_items rename to bm_xh_performing_items_D;
alter table bm_xh_performing_station rename to bm_xh_performing_station_D;
alter table bm_xh_performing_template rename to bm_xh_performing_template_D;
alter table bm_xh_performing_template_city rename to bm_xh_performing_template_city_D;
alter table bm_xh_pigeon_call_record rename to bm_xh_pigeon_call_record_D;
alter table bm_xh_pigeon_host rename to bm_xh_pigeon_host_D;
alter table bm_xh_platform_task_remind rename to bm_xh_platform_task_remind_D;
alter table bm_xh_survey_process_detail rename to bm_xh_survey_process_detail_D;
alter table bm_xh_survey_task_detail rename to bm_xh_survey_task_detail_D;
alter table bm_xh_task_platform_notice rename to bm_xh_task_platform_notice_D;
alter table bm_xh_ticket rename to bm_xh_ticket_D;
alter table bm_xh_ticket_appeal rename to bm_xh_ticket_appeal_D;
alter table bm_xh_ticket_approve rename to bm_xh_ticket_approve_D;
alter table bm_xh_worklog rename to bm_xh_worklog_D;
